Workbook

Sheet Resumo
A1: Cruzamento | B1: Av. Beberibe x Av. Prof. José dos Anjos
A2: Data | B2: 41389
A3: Coordenadas Geográficas | B3: -8.02793, -34.89293
A4: Relatório | B4: https://drive.google.com/file/d/0B2qmPJcv0zhjdFd2QUNCbWEwZVE/view?usp=sharing
A5: Total | B5: =Dados!Q15 -> 3723
A6: Máximo em um hora | B6: =MAX(Dados!C15:P15) -> 490
A7: Mulher | B7: =Dados!R20 -> 0.057749127
A8: Crianças e adolescentes | B8: =Dados!R21 -> 0.0032232071
A9: Capacete | B9: =Dados!R22 -> 0.016921837
A10: Caronas | B10: =Dados!R23 -> 0.044587698
A11: Cargueiras | B11: =Dados!R24 -> 0.098845017
A12: Serviço | B12: =Dados!R25 -> 0.030620467
A13: Contramão | B13: =Dados!R26 -> 0.078431373
A14: Calçada | B14: =Dados!R27 -> 0

Sheet Dados
A1: Dados quantitativos e sentido de deslocamento
A2: ORIGEM | B2: DESTINO | C2: 6 | D2: 7 | E2: 8 | F2: 9 | G2: 10 | H2: 11 | I2: 12 | J2: 13 | K2: 14 | L2: 15 | M2: 16 | N2: 17 | O2: 18 | P2: 19 | Q2: TOTAL | R2: %
A3: Água Fria | B3: Casa Amarela | C3: 8 | D3: 7 | E3: 6 | F3: 4 | G3: 6 | H3: 4 | I3: 3 | J3: 4 | K3: 6 | L3: 6 | M3: 5 | N3: 7 | O3: 1 | P3: 20 | Q3: =SUM(C3:P3) -> 87 | R3: =Q3/$Q$15 -> 0.023368251
A4: Água Fria | B4: Encruzilhada | C4: 212 | D4: 130 | E4: 99 | F4: 56 | G4: 40 | H4: 45 | I4: 45 | J4: 60 | K4: 59 | L4: 51 | M4: 38 | N4: 45 | O4: 33 | P4: 18 | Q4: =SUM(C4:P4) -> 931 | R4: =Q4/$Q$15 -> 0.25006715
A5: Água Fria | B5: Campo Grande | C5: 0 | D5: 7 | E5: 3 | F5: 4 | G5: 7 | H5: 3 | I5: 3 | J5: 7 | K5: 6 | L5: 3 | M5: 6 | N5: 3 | O5: 8 | P5: 4 | Q5: =SUM(C5:P5) -> 64 | R5: =Q5/$Q$15 -> 0.017190438
A6: Campo Grande | B6: Água Fria | C6: 6 | D6: 3 | E6: 4 | F6: 7 | G6: 6 | H6: 1 | I6: 5 | J6: 5 | K6: 6 | L6: 2 | M6: 2 | N6: 8 | O6: 7 | P6: 3 | Q6: =SUM(C6:P6) -> 65 | R6: =Q6/$Q$15 -> 0.017459038
A7: Campo Grande | B7: Casa Amarela | C7: 36 | D7: 55 | E7: 31 | F7: 17 | G7: 20 | H7: 16 | I7: 13 | J7: 33 | K7: 22 | L7: 27 | M7: 30 | N7: 36 | O7: 38 | P7: 15 | Q7: =SUM(C7:P7) -> 389 | R7: =Q7/$Q$15 -> 0.10448563
A8: Campo Grande | B8: Encruzilhada | C8: 14 | D8: 13 | E8: 6 | F8: 8 | G8: 12 | H8: 3 | I8: 4 | J8: 7 | K8: 12 | L8: 77 | M8: 4 | N8: 1 | O8: 3 | P8: 4 | Q8: =SUM(C8:P8) -> 168 | R8: =Q8/$Q$15 -> 0.045124899
A9: Encruzilhada | B9: Campo Grande | C9: 1 | D9: 5 | E9: 4 | F9: 3 | G9: 9 | H9: 6 | I9: 10 | J9: 5 | K9: 7 | L9: 7 | M9: 17 | N9: 11 | O9: 10 | P9: 5 | Q9: =SUM(C9:P9) -> 100 | R9: =Q9/$Q$15 -> 0.026860059
A10: Encruzilhada | B10: Água Fria | C10: 8 | D10: 37 | E10: 32 | F10: 32 | G10: 67 | H10: 50 | I10: 72 | J10: 44 | K10: 41 | L10: 90 | M10: 103 | N10: 245 | O10: 123 | P10: 71 | Q10: =SUM(C10:P10) -> 1015 | R10: =Q10/$Q$15 -> 0.2726296
A11: Encruzilhada | B11: Casa Amarela | C11: 4 | D11: 3 | E11: 8 | F11: 11 | G11: 10 | H11: 8 | I11: 15 | J11: 7 | K11: 8 | L11: 17 | M11: 14 | N11: 18 | O11: 12 | P11: 20 | Q11: =SUM(C11:P11) -> 155 | R11: =Q11/$Q$15 -> 0.041633092
A12: Casa Amarela | B12: Encruzilhada | C12: 20 | D12: 11 | E12: 14 | F12: 14 | G12: 9 | H12: 4 | I12: 7 | J12: 17 | K12: 3 | L12: 21 | M12: 9 | N12: 7 | O12: 3 | P12: 5 | Q12: =SUM(C12:P12) -> 144 | R12: =Q12/$Q$15 -> 0.038678485
A13: Casa Amarela | B13: Campo Grande | C13: 29 | D13: 40 | E13: 23 | F13: 19 | G13: 12 | H13: 20 | I13: 26 | J13: 17 | K13: 23 | L13: 36 | M13: 40 | N13: 73 | O13: 46 | P13: 32 | Q13: =SUM(C13:P13) -> 436 | R13: =Q13/$Q$15 -> 0.11710986
A14: Casa Amarela | B14: Água Fria | C14: 4 | D14: 6 | E14: 5 | F14: 11 | G14: 9 | H14: 13 | I14: 15 | J14: 17 | K14: 5 | L14: 25 | M14: 6 | N14: 36 | O14: 11 | P14: 6 | Q14: =SUM(C14:P14) -> 169 | R14: =Q14/$Q$15 -> 0.0453935
B15: TOTAL | C15: =SUM(C3:C14) -> 342 | D15: =SUM(D3:D14) -> 317 | E15: =SUM(E3:E14) -> 235 | F15: =SUM(F3:F14) -> 186 | G15: =SUM(G3:G14) -> 207 | H15: =SUM(H3:H14) -> 173 | I15: =SUM(I3:I14) -> 218 | J15: =SUM(J3:J14) -> 223 | ... Q15: =SUM(Q3:Q14) -> 3723
B16: Percentual | C16: =C15/$Q$15 -> 0.091861402 | D16: =D15/$Q$15 -> 0.085146387 | E16: =E15/$Q$15 -> 0.063121139 | F16: =F15/$Q$15 -> 0.04995971 | G16: =G15/$Q$15 -> 0.055600322 | H16: =H15/$Q$15 -> 0.046467902 | I16: =I15/$Q$15 -> 0.058554929 | J16: =J15/$Q$15 -> 0.059897932 | ... P16: =P15/$Q$15 -> 0.05452592 | Q16: =SUM(C16:P16) -> 1
A18: Dados qualitativos padrões
B19: Característica | C19: 6 | D19: 7 | E19: 8 | F19: 9 | G19: 10 | H19: 11 | I19: 12 | J19: 13 | K19: 14 | L19: 15 | M19: 16 | N19: 17 | O19: 18 | P19: 19 | Q19: TOTAL | R19: %
B20: Mulher | C20: 6 | D20: 15 | E20: 14 | F20: 12 | G20: 17 | H20: 6 | I20: 17 | J20: 12 | K20: 8 | L20: 20 | M20: 25 | N20: 27 | O20: 20 | P20: 16 | Q20: =SUM(C20:P20) -> 215 | R20: =Q20/$Q$15 -> 0.057749127
B21: Crianças e adolescentes | C21: 0 | D21: 0 | E21: 0 | F21: 0 | G21: 12 | H21: 0 | I21: 0 | J21: 0 | K21: 0 | L21: 0 | M21: 0 | N21: 0 | O21: 0 | P21: 0 | Q21: =SUM(C21:P21) -> 12 | R21: =Q21/$Q$15 -> 0.0032232071
B22: Capacete | C22: 1 | D22: 3 | E22: 4 | F22: 1 | G22: 1 | H22: 1 | I22: 6 | J22: 2 | K22: 1 | L22: 3 | M22: 2 | N22: 15 | O22: 9 | P22: 14 | Q22: =SUM(C22:P22) -> 63 | R22: =Q22/$Q$15 -> 0.016921837
B23: Carona | C23: 6 | D23: 8 | E23: 9 | F23: 11 | G23: 16 | H23: 7 | I23: 7 | J23: 9 | K23: 7 | L23: 10 | M23: 19 | N23: 25 | O23: 18 | P23: 14 | Q23: =SUM(C23:P23) -> 166 | R23: =Q23/$Q$15 -> 0.044587698
B24: Cargueira | C24: 14 | D24: 20 | E24: 44 | F24: 23 | G24: 28 | H24: 22 | I24: 24 | J24: 26 | K24: 17 | L24: 39 | M24: 29 | N24: 45 | O24: 22 | P24: 15 | Q24: =SUM(C24:P24) -> 368 | R24: =Q24/$Q$15 -> 0.098845017
B25: Serviço | C25: 4 | D25: 0 | E25: 9 | F25: 11 | G25: 10 | H25: 6 | I25: 1 | J25: 3 | K25: 8 | L25: 28 | M25: 17 | N25: 17 | O25: 0 | P25: 0 | Q25: =SUM(C25:P25) -> 114 | R25: =Q25/$Q$15 -> 0.030620467
B26: Contramao | C26: 15 | D26: 15 | E26: 27 | F26: 15 | G26: 15 | H26: 20 | I26: 35 | J26: 25 | K26: 14 | L26: 32 | M26: 10 | N26: 26 | O26: 25 | P26: 18 | Q26: =SUM(C26:P26) -> 292 | R26: =Q26/$Q$15 -> 0.078431373
B27: Calçada | C27: 0 | D27: 0 | E27: 0 | F27: 0 | G27: 0 | H27: 0 | I27: 0 | J27: 0 | K27: 0 | L27: 0 | M27: 0 | N27: 0 | O27: 0 | P27: 0 | Q27: =SUM(C27:P27) -> 0 | R27: =Q27/$Q$15 -> 0
A29: Dados qualitativos das observações
B30: Característica | C30: 6 | D30: 7 | E30: 8 | F30: 9 | G30: 10 | H30: 11 | I30: 12 | J30: 13 | K30: 14 | L30: 15 | M30: 16 | N30: 17 | O30: 18 | P30: 19 | Q30: TOTAL | R30: %
B31: Chuveu | C31: 20 | D31: 20 | E31: 0 | F31: 0 | G31: 0 | H31: 0 | I31: 0 | J31: 0 | K31: 0 | L31: 0 | M31: 0 | N31: 20 | O31: 0 | P31: 0
B32: Contramão para conversão
B33: Triciclo | C33: 0 | D33: 1 | E33: 0 | F33: 0 | G33: 0 | H33: 1 | I33: 0 | J33: 1 | K33: 0 | L33: 0 | M33: 0 | N33: 1 | O33: 1 | P33: 0 | Q33: =SUM(C33:P33) -> 5 | R33: =Q33/$Q$15 -> 0.001343003
B34: Eletrica | C34: 0 | D34: 0 | E34: 0 | F34: 0 | G34: 0 | H34: 0 | I34: 0 | J34: 0 | K34: 0 | L34: 0 | M34: 0 | N34: 0 | O34: 0 | P34: 0 | Q34: =SUM(C34:P34) -> 0 | R34: =Q34/$Q$15 -> 0
B35: Skate | C35: 0 | D35: 0 | E35: 0 | F35: 0 | G35: 0 | H35: 0 | I35: 0 | J35: 0 | K35: 0 | L35: 0 | M35: 0 | N35: 0 | O35: 0 | P35: 0 | Q35: =SUM(C35:P35) -> 0 | R35: =Q35/$Q$15 -> 0
B36: Handbike | C36: 0 | D36: 0 | E36: 0 | F36: 0 | G36: 0 | H36: 0 | I36: 0 | J36: 0 | K36: 0 | L36: 0 | M36: 0 | N36: 0 | O36: 0 | P36: 0 | Q36: =SUM(C36:P36) -> 0 | R36: =Q36/$Q$15 -> 0

Sheet CONFFLUXO
A1: =Fluxo!A2 -> TOTAL | F1: 2 | G1: {=TRANSPOSE(Dados!2:2)} -> ORIGEM
F2: 3 | G2: DESTINO
A3: =Dados!A3 -> Água Fria | B3: =Dados!B3 -> Casa Amarela | F3: 4 | G3: 6 | Q3: =HLOOKUP($A$1,Dados!$C$2:$R$14,F1,0) -> 87
A4: =Dados!A4 -> Água Fria | B4: =Dados!B4 -> Encruzilhada | F4: 5 | G4: 7 | Q4: =HLOOKUP($A$1,Dados!$C$2:$R$14,F2,0) -> 931
A5: =Dados!A5 -> Água Fria | B5: =Dados!B5 -> Campo Grande | F5: 6 | G5: 8 | Q5: =HLOOKUP($A$1,Dados!$C$2:$R$14,F3,0) -> 64
A6: =Dados!A6 -> Campo Grande | B6: =Dados!B6 -> Água Fria | F6: 7 | G6: 9 | Q6: =HLOOKUP($A$1,Dados!$C$2:$R$14,F4,0) -> 65
A7: =Dados!A7 -> Campo Grande | B7: =Dados!B7 -> Casa Amarela | F7: 8 | G7: 10 | Q7: =HLOOKUP($A$1,Dados!$C$2:$R$14,F5,0) -> 389
A8: =Dados!A8 -> Campo Grande | B8: =Dados!B8 -> Encruzilhada | F8: 9 | G8: 11 | Q8: =HLOOKUP($A$1,Dados!$C$2:$R$14,F6,0) -> 168
A9: =Dados!A9 -> Encruzilhada | B9: =Dados!B9 -> Campo Grande | F9: 10 | G9: 12 | Q9: =HLOOKUP($A$1,Dados!$C$2:$R$14,F7,0) -> 100
A10: =Dados!A10 -> Encruzilhada | B10: =Dados!B10 -> Água Fria | F10: 11 | G10: 13 | Q10: =HLOOKUP($A$1,Dados!$C$2:$R$14,F8,0) -> 1015
A11: =Dados!A11 -> Encruzilhada | B11: =Dados!B11 -> Casa Amarela | F11: 12 | G11: 14 | Q11: =HLOOKUP($A$1,Dados!$C$2:$R$14,F9,0) -> 155
A12: =Dados!A12 -> Casa Amarela | B12: =Dados!B12 -> Encruzilhada | F12: 13 | G12: 15 | Q12: =HLOOKUP($A$1,Dados!$C$2:$R$14,F10,0) -> 144
A13: =Dados!A13 -> Casa Amarela | B13: =Dados!B13 -> Campo Grande | G13: 16 | Q13: =HLOOKUP($A$1,Dados!$C$2:$R$14,F11,0) -> 436
A14: =Dados!A14 -> Casa Amarela | B14: =Dados!B14 -> Água Fria | G14: 17 | Q14: =HLOOKUP($A$1,Dados!$C$2:$R$14,F12,0) -> 169
G15: 18
G16: 19
G17: TOTAL
G18: %

Sheet Gráficos
A1: Ciclistas por hora
A2: Horário inpicio | B2: =Dados!C2 -> 6 | C2: =Dados!D2 -> 7 | D2: =Dados!E2 -> 8 | E2: =Dados!F2 -> 9 | F2: =Dados!G2 -> 10 | G2: =Dados!H2 -> 11 | H2: =Dados!I2 -> 12 | I2: =Dados!J2 -> 13 | ... O2: =Dados!P2 -> 19
A3: Homens | B3: =Dados!C15-B4-B5 -> 336 | C3: =Dados!D15-C4-C5 -> 302 | D3: =Dados!E15-D4-D5 -> 221 | E3: =Dados!F15-E4-E5 -> 174 | F3: =Dados!G15-F4-F5 -> 178 | G3: =Dados!H15-G4-G5 -> 167 | H3: =Dados!I15-H4-H5 -> 201 | I3: =Dados!J15-I4-I5 -> 211 | ... O3: =Dados!P15-O4-O5 -> 187
A4: Mulheres | B4: =Dados!C20 -> 6 | C4: =Dados!D20 -> 15 | D4: =Dados!E20 -> 14 | E4: =Dados!F20 -> 12 | F4: =Dados!G20 -> 17 | G4: =Dados!H20 -> 6 | H4: =Dados!I20 -> 17 | I4: =Dados!J20 -> 12 | ... O4: =Dados!P20 -> 16
A5: Crianças e adolescentes | B5: =Dados!C21 -> 0 | C5: =Dados!D21 -> 0 | D5: =Dados!E21 -> 0 | E5: =Dados!F21 -> 0 | F5: =Dados!G21 -> 12 | G5: =Dados!H21 -> 0 | H5: =Dados!I21 -> 0 | I5: =Dados!J21 -> 0 | ... O5: =Dados!P21 -> 0
A7: Ciclistas por hora %
A8: Horário | B8: 6 | C8: 7 | D8: 8 | E8: 9 | F8: 10 | G8: 11 | H8: 12 | I8: 13 | J8: 14 | K8: 15 | L8: 16 | M8: 17 | N8: 18 | O8: 19
A9: Mulheres | B9: =B4/Dados!C$15 -> 0.01754386 | C9: =C4/Dados!D$15 -> 0.047318612 | D9: =D4/Dados!E$15 -> 0.059574468 | E9: =E4/Dados!F$15 -> 0.064516129 | F9: =F4/Dados!G$15 -> 0.082125604 | G9: =G4/Dados!H$15 -> 0.034682081 | H9: =H4/Dados!I$15 -> 0.077981651 | I9: =I4/Dados!J$15 -> 0.053811659 | ... O9: =O4/Dados!P$15 -> 0.078817734
A10: Crianças e adolescentes | B10: =B5/Dados!C$15 -> 0 | C10: =C5/Dados!D$15 -> 0 | D10: =D5/Dados!E$15 -> 0 | E10: =E5/Dados!F$15 -> 0 | F10: =F5/Dados!G$15 -> 0.057971014 | G10: =G5/Dados!H$15 -> 0 | H10: =H5/Dados!I$15 -> 0 | I10: =I5/Dados!J$15 -> 0 | ... O10: =O5/Dados!P$15 -> 0
A12: =Dados!B19 -> Característica | B12: =Dados!R19 -> %
A13: =Dados!B20 -> Mulher | B13: =Dados!R20 -> 0.057749127
A14: =Dados!B21 -> Crianças e adolescentes | B14: =Dados!R21 -> 0.0032232071
A15: =Dados!B22 -> Capacete | B15: =Dados!R22 -> 0.016921837
A16: Caronas | B16: =SUM(Dados!R23) -> 0.044587698
A17: =Dados!B24 -> Cargueira | B17: =Dados!R24 -> 0.098845017
A18: =Dados!B25 -> Serviço | B18: =Dados!R25 -> 0.030620467
A19: =Dados!B26 -> Contramao | B19: =Dados!R26 -> 0.078431373
A20: =Dados!B27 -> Calçada | B20: =Dados!R27 -> 0

Sheet Rui Barbosa
C2: 6h às 7h | D2: 7h às 8h | E2: 8h às 9h | F2: 9h às 10h | G2: 10h às 11h | H2: 11h às 12h | I2: 12h às 13h | J2: 13h às 14h | K2: 14h às 15h | L2: 15h às 16h | M2: 16h às 17h | N2: 17h às 18h | O2: 18h às 19h | P2: 19h às 20h | Q2: TOTAL | R2: %
B3: Centro -> Espinheiro | C3: 0 | D3: 0 | E3: 3 | F3: 2 | G3: 3 | H3: 1 | I3: 2 | J3: 6 | K3: 3 | L3: 3 | M3: 4 | N3: 6 | O3: 5 | P3: 2 | Q3: =SUM(C3:P3) -> 40 | R3: =Q3/$Q$16 -> 0.027952481
B4: Centro -> Parnamirim | C4: 2 | D4: 1 | E4: 2 | F4: 1 | G4: 1 | H4: 8 | I4: 3 | J4: 2 | K4: 1 | L4: 5 | M4: 6 | N4: 8 | O4: 8 | P4: 4 | Q4: =SUM(C4:P4) -> 52 | R4: =Q4/$Q$16 -> 0.036338225
B5: Centro -> Torre | C5: 1 | D5: 0 | E5: 5 | F5: 4 | G5: 1 | H5: 7 | I5: 0 | J5: 2 | K5: 3 | L5: 1 | M5: 4 | N5: 8 | O5: 10 | P5: 4 | Q5: =SUM(C5:P5) -> 50 | R5: =Q5/$Q$16 -> 0.034940601
B6: Espinheiro -> Centro | C6: 0 | D6: 1 | E6: 1 | F6: 1 | G6: 1 | H6: 1 | I6: 2 | J6: 2 | K6: 0 | L6: 3 | M6: 2 | N6: 1 | O6: 3 | P6: 0 | Q6: =SUM(C6:P6) -> 18 | R6: =Q6/$Q$16 -> 0.012578616
B7: Espinheiro -> Torre | C7: 5 | D7: 5 | E7: 5 | F7: 4 | G7: 5 | H7: 6 | I7: 8 | J7: 4 | K7: 6 | L7: 8 | M7: 7 | N7: 21 | O7: 13 | P7: 4 | Q7: =SUM(C7:P7) -> 101 | R7: =Q7/$Q$16 -> 0.070580014
B8: Espinheiro -> Parnamirim | C8: 0 | D8: 3 | E8: 0 | F8: 0 | G8: 0 | H8: 0 | I8: 0 | J8: 1 | K8: 0 | L8: 0 | M8: 0 | N8: 0 | O8: 0 | P8: 0 | Q8: =SUM(C8:P8) -> 4 | R8: =Q8/$Q$16 -> 0.0027952481
B9: Torre -> Centro | C9: 32 | D9: 24 | E9: 14 | F9: 10 | G9: 15 | H9: 11 | I9: 8 | J9: 3 | K9: 4 | L9: 9 | M9: 5 | N9: 8 | O9: 10 | P9: 5 | Q9: =SUM(C9:P9) -> 158 | R9: =Q9/$Q$16 -> 0.1104123
B10: Torre -> Espinheiro | C10: 47 | D10: 95 | E10: 49 | F10: 35 | G10: 34 | H10: 29 | I10: 20 | J10: 22 | K10: 28 | L10: 27 | M10: 40 | N10: 45 | O10: 57 | P10: 25 | Q10: =SUM(C10:P10) -> 553 | R10: =Q10/$Q$16 -> 0.38644305
B11: Torre -> Parnamirim | C11: 3 | D11: 8 | E11: 1 | F11: 4 | G11: 2 | H11: 1 | I11: 1 | J11: 1 | K11: 1 | L11: 2 | M11: 10 | N11: 5 | O11: 3 | P11: 4 | Q11: =SUM(C11:P11) -> 46 | R11: =Q11/$Q$16 -> 0.032145353
B12: Parnamirim -> Espinheiro | C12: 1 | D12: 7 | E12: 9 | F12: 3 | G12: 3 | H12: 6 | I12: 0 | J12: 6 | K12: 1 | L12: 2 | M12: 2 | N12: 6 | O12: 3 | P12: 1 | Q12: =SUM(C12:P12) -> 50 | R12: =Q12/$Q$16 -> 0.034940601
B13: Parnamirim -> Centro | C13: 52 | D13: 67 | E13: 28 | F13: 23 | G13: 11 | H13: 19 | I13: 10 | J13: 7 | K13: 12 | L13: 13 | M13: 12 | N13: 20 | O13: 28 | P13: 5 | Q13: =SUM(C13:P13) -> 307 | R13: =Q13/$Q$16 -> 0.21453529
B14: Parnamirim -> Torre | C14: 0 | D14: 11 | E14: 7 | F14: 4 | G14: 1 | H14: 1 | I14: 1 | J14: 1 | K14: 5 | L14: 2 | M14: 2 | N14: 5 | O14: 6 | P14: 6 | Q14: =SUM(C14:P14) -> 52 | R14: =Q14/$Q$16 -> 0.036338225
B15: Percentual | C15: =C16/$Q$16 -> 0.099930119 | D15: =D16/$Q$16 -> 0.15513627 | E15: =E16/$Q$16 -> 0.08665269 | F15: =F16/$Q$16 -> 0.063591894 | G15: =G16/$Q$16 -> 0.053808526 | H15: =H16/$Q$16 -> 0.062893082 | I15: =I16/$Q$16 -> 0.038434661 | J15: =J16/$Q$16 -> 0.039832285 | ... P15: =P16/$Q$16 -> 0.041928721 | Q15: =SUM(C15:P15) -> 1
B16: TOTAL | C16: =SUM(C3:C14) -> 143 | D16: =SUM(D3:D14) -> 222 | E16: =SUM(E3:E14) -> 124 | F16: =SUM(F3:F14) -> 91 | G16: =SUM(G3:G14) -> 77 | H16: =SUM(H3:H14) -> 90 | I16: =SUM(I3:I14) -> 55 | J16: =SUM(J3:J14) -> 57 | ... P16: =SUM(P3:P14) -> 60 | Q16: =SUM(C16:P16) -> 1431 | R16: =SUM(R3:R15) -> 1
B17: Capacete | C17: 3 | D17: 15 | E17: 13 | F17: 13 | G17: 5 | H17: 6 | I17: 7 | J17: 3 | K17: 6 | L17: 4 | M17: 4 | N17: 7 | O17: 22 | P17: 25 | Q17: =SUM(C17:P17) -> 133 | R17: =Q17/$Q$16 -> 0.092941999
B18: Carona | C18: 3 | D18: 4 | E18: 3 | F18: 1 | G18: 0 | H18: 3 | I18: 0 | J18: 0 | K18: 2 | L18: 0 | M18: 3 | N18: 4 | O18: 6 | P18: 2 | Q18: =SUM(C18:P18) -> 31 | R18: =Q18/$Q$16 -> 0.021663173
B19: Contramao | C19: =C14+C11+C8+C7+C6+C5+C4+C3 -> 11 | D19: =D14+D11+D8+D7+D6+D5+D4+D3 -> 29 | E19: =E14+E11+E8+E7+E6+E5+E4+E3 -> 24 | F19: =F14+F11+F8+F7+F6+F5+F4+F3 -> 20 | G19: =G14+G11+G8+G7+G6+G5+G4+G3 -> 14 | H19: =H14+H11+H8+H7+H6+H5+H4+H3 -> 25 | I19: =I14+I11+I8+I7+I6+I5+I4+I3 -> 17 | J19: =J14+J11+J8+J7+J6+J5+J4+J3 -> 19 | ... P19: =P14+P11+P8+P7+P6+P5+P4+P3 -> 24 | Q19: =SUM(C19:P19) -> 363 | R19: =Q19/$Q$16 -> 0.25366876
B20: Carga | C20: 11 | D20: 23 | E20: 38 | F20: 21 | G20: 16 | H20: 12 | I20: 8 | J20: 7 | K20: 19 | L20: 13 | M20: 7 | N20: 24 | O20: 7 | P20: 4 | Q20: =SUM(C20:P20) -> 210 | R20: =Q20/$Q$16 -> 0.14675052
B21: Serviço | C21: 1 | D21: 0 | E21: 0 | F21: 0 | G21: 11 | H21: 14 | I21: 6 | J21: 6 | K21: 4 | L21: 12 | M21: 3 | N21: 14 | O21: 1 | P21: 0 | Q21: =SUM(C21:P21) -> 72 | R21: =Q21/$Q$16 -> 0.050314465
B22: Mulher | C22: 16 | D22: 7 | E22: 7 | F22: 9 | G22: 4 | H22: 0 | I22: 1 | J22: 1 | K22: 2 | L22: 2 | M22: 8 | N22: 6 | O22: 8 | P22: 5 | Q22: =SUM(C22:P22) -> 76 | R22: =Q22/$Q$16 -> 0.053109713
B23: Homem | C23: =C16-C22 -> 127 | D23: =D16-D22 -> 215 | E23: =E16-E22 -> 117 | F23: =F16-F22 -> 82 | G23: =G16-G22 -> 73 | H23: =H16-H22 -> 90 | I23: =I16-I22 -> 54 | J23: =J16-J22 -> 56 | ... P23: =P16-P22 -> 55 | Q23: =SUM(C23:P23) -> 1355 | R23: =Q23/$Q$16 -> 0.94689029
B24: Triciclo | C24: 0 | D24: 0 | E24: 0 | F24: 0 | G24: 0 | H24: 0 | I24: 0 | J24: 0 | K24: 0 | L24: 0 | M24: 0 | N24: 0 | O24: 0 | P24: 0 | Q24: =SUM(C24:P24) -> 0 | R24: =Q24/$Q$16 -> 0
B25: Eletrica | C25: 0 | D25: 0 | E25: 0 | F25: 0 | G25: 0 | H25: 0 | I25: 0 | J25: 0 | K25: 0 | L25: 0 | M25: 0 | N25: 0 | O25: 0 | P25: 0 | Q25: =SUM(C25:P25) -> 0 | R25: =Q25/$Q$16 -> 0
B26: Skate | C26: 0 | D26: 0 | E26: 0 | F26: 0 | G26: 0 | H26: 0 | I26: 0 | J26: 0 | K26: 0 | L26: 0 | M26: 0 | N26: 0 | O26: 0 | P26: 0 | Q26: =SUM(C26:P26) -> 0 | R26: =Q26/$Q$16 -> 0
B27: Monociclo | C27: 0 | D27: 0 | E27: 0 | F27: 0 | G27: 0 | H27: 0 | I27: 0 | J27: 0 | K27: 0 | L27: 1 | M27: 0 | N27: 0 | O27: 1 | P27: 0 | Q27: =SUM(C27:P27) -> 2 | R27: =Q27/$Q$16 -> 0.001397624
B28: Crianças | C28: 0 | D28: 0 | E28: 0 | F28: 0 | G28: 0 | H28: 0 | I28: 0 | J28: 0 | K28: 0 | L28: 0 | M28: 0 | N28: 0 | O28: 0 | P28: 0 | Q28: =SUM(C28:P28) -> 0 | R28: =Q28/$Q$16 -> 0
B29: ='LAMA-FORTE'!B29 -> % capacete/hora | C29: =C17/C16 -> 0.020979021 | D29: =D17/D16 -> 0.067567568 | E29: =E17/E16 -> 0.10483871 | F29: =F17/F16 -> 0.14285714 | G29: =G17/G16 -> 0.064935065 | H29: =H17/H16 -> 0.066666667 | I29: =I17/I16 -> 0.12727273 | J29: =J17/J16 -> 0.052631579 | ... P29: =P17/P16 -> 0.41666667 | Q29: =SUM(C29:P29) -> 1.4573682

Sheet LAMA-FORTE
C2: 6h às 7h | D2: 7h às 8h | E2: 8h às 9h | F2: 9h às 10h | G2: 10h às 11h | H2: 11h às 12h | I2: 12h às 13h | J2: 13h às 14h | K2: 14h às 15h | L2: 15h às 16h | M2: 16h às 17h | N2: 17h às 18h | O2: 18h às 19h | P2: 19h às 20h | Q2: TOTAL | R2: %
B3: Cax -> Engenho | C3: 7 | D3: 8 | E3: 14 | F3: 5 | G3: 10 | H3: 20 | I3: 13 | J3: 24 | K3: 6 | L3: 14 | M3: 5 | N3: 14 | O3: 15 | P3: 16 | Q3: =SUM(C3:P3) -> 171 | R3: =Q3/$Q$16 -> 0.048087739
B4: Cax -> Abdias | C4: 20 | D4: 35 | E4: 31 | F4: 18 | G4: 37 | H4: 5 | I4: 38 | J4: 31 | K4: 21 | L4: 38 | M4: 30 | N4: 81 | O4: 48 | P4: 25 | Q4: =SUM(C4:P4) -> 458 | R4: =Q4/3556 -> 0.1287964
B5: Cax -> Centro | C5: 5 | D5: 14 | E5: 11 | F5: 4 | G5: 5 | H5: 5 | I5: 3 | J5: 2 | K5: 6 | L5: 4 | M5: 3 | N5: 9 | O5: 9 | P5: 6 | Q5: =SUM(C5:P5) -> 86 | R5: =Q5/3556 -> 0.024184477
B6: Engenho -> Cax | C6: 6 | D6: 12 | E6: 10 | F6: 5 | G6: 4 | H6: 8 | I6: 10 | J6: 10 | K6: 12 | L6: 18 | M6: 2 | N6: 9 | O6: 9 | P6: 12 | Q6: =SUM(C6:P6) -> 127 | R6: =Q6/3556 -> 0.035714286
B7: Engenho -> Centro | C7: 52 | D7: 76 | E7: 40 | F7: 38 | G7: 47 | H7: 9 | I7: 33 | J7: 30 | K7: 50 | L7: 26 | M7: 27 | N7: 55 | O7: 29 | P7: 35 | Q7: =SUM(C7:P7) -> 547 | R7: =Q7/3556 -> 0.15382452
B8: Engenho -> Abdias | C8: 19 | D8: 24 | E8: 21 | F8: 18 | G8: 14 | H8: 10 | I8: 16 | J8: 16 | K8: 13 | L8: 22 | M8: 12 | N8: 30 | O8: 24 | P8: 18 | Q8: =SUM(C8:P8) -> 257 | R8: =Q8/3556 -> 0.072272216
B9: Centro -> Cax | C9: 2 | D9: 16 | E9: 6 | F9: 6 | G9: 14 | H9: 6 | I9: 11 | J9: 8 | K9: 2 | L9: 15 | M9: 5 | N9: 21 | O9: 12 | P9: 7 | Q9: =SUM(C9:P9) -> 131 | R9: =Q9/3556 -> 0.036839145
B10: Centro -> Engenho | C10: 21 | D10: 34 | E10: 31 | F10: 27 | G10: 52 | H10: 25 | I10: 33 | J10: 21 | K10: 40 | L10: 32 | M10: 30 | N10: 94 | O10: 51 | P10: 38 | Q10: =SUM(C10:P10) -> 529 | R10: =Q10/3556 -> 0.14876265
B11: Centro -> Abdias | C11: 5 | D11: 11 | E11: 10 | F11: 14 | G11: 25 | H11: 12 | I11: 22 | J11: 8 | K11: 14 | L11: 23 | M11: 15 | N11: 37 | O11: 30 | P11: 21 | Q11: =SUM(C11:P11) -> 247 | R11: =Q11/3556 -> 0.069460067
B12: Abdias -> Engenho | C12: 14 | D12: 32 | E12: 22 | F12: 9 | G12: 26 | H12: 6 | I12: 15 | J12: 17 | K12: 15 | L12: 29 | M12: 12 | N12: 35 | O12: 19 | P12: 14 | Q12: =SUM(C12:P12) -> 265 | R12: =Q12/3556 -> 0.074521935
B13: Abdias -> Cax | C13: 29 | D13: 92 | E13: 23 | F13: 20 | G13: 23 | H13: 14 | I13: 21 | J13: 28 | K13: 30 | L13: 24 | M13: 29 | N13: 52 | O13: 24 | P13: 20 | Q13: =SUM(C13:P13) -> 429 | R13: =Q13/3556 -> 0.12064117
B14: Abdias -> Centro | C14: 38 | D14: 43 | E14: 18 | F14: 11 | G14: 17 | H14: 14 | I14: 18 | J14: 27 | K14: 15 | L14: 26 | M14: 10 | N14: 27 | O14: 21 | P14: 24 | Q14: =SUM(C14:P14) -> 309 | R14: =Q14/3556 -> 0.086895388
B15: Percentual | C15: =C16/3556 -> 0.061304837 | D15: =D16/3556 -> 0.11164229 | E15: =E16/3556 -> 0.066647919 | F15: =F16/3556 -> 0.049212598 | G15: =G16/3556 -> 0.077052868 | H15: =H16/3556 -> 0.03768279 | I15: =I16/3556 -> 0.06552306 | J15: =J16/3556 -> 0.062429696 | ... P15: =P16/3556 -> 0.066366704
B16: TOTAL | C16: =SUM(C3:C14) -> 218 | D16: =SUM(D3:D14) -> 397 | E16: =SUM(E3:E14) -> 237 | F16: =SUM(F3:F14) -> 175 | G16: =SUM(G3:G14) -> 274 | H16: =SUM(H3:H14) -> 134 | I16: =SUM(I3:I14) -> 233 | J16: =SUM(J3:J14) -> 222 | ... P16: =SUM(P3:P14) -> 236 | Q16: =SUM(C3:P14) -> 3556 | R16: =SUM(R3:R15) -> 1
B17: Capacete | C17: 5 | D17: 2 | E17: 2 | F17: 2 | G17: 2 | H17: 2 | I17: 5 | J17: 0 | K17: 5 | L17: 4 | M17: 5 | N17: 6 | O17: 5 | P17: 8 | Q17: =SUM(C17:P17) -> 53 | R17: =Q17/$Q$16 -> 0.014904387
B18: Carona | C18: 18 | D18: 14 | E18: 6 | F18: 7 | G18: 18 | H18: 9 | I18: 16 | J18: 14 | K18: 20 | L18: 19 | M18: 12 | N18: 37 | O18: 45 | P18: 22 | Q18: =SUM(C18:P18) -> 257 | R18: =Q18/$Q$16 -> 0.072272216
B19: Contramao | C19: 0 | D19: 4 | E19: 4 | F19: 2 | G19: 1 | H19: 11 | I19: 11 | J19: 4 | K19: 7 | L19: 11 | M19: 11 | N19: 29 | O19: 25 | P19: 29 | Q19: =SUM(C19:P19) -> 149 | R19: =Q19/$Q$16 -> 0.041901012
B20: Carga | C20: 19 | D20: 19 | E20: 42 | F20: 30 | G20: 46 | H20: 13 | I20: 25 | J20: 22 | K20: 38 | L20: 25 | M20: 25 | N20: 27 | O20: 19 | P20: 14 | Q20: =SUM(C20:P20) -> 364 | R20: =Q20/$Q$16 -> 0.1023622
B21: Serviço | C21: 6 | D21: 16 | E21: 4 | F21: 13 | G21: 30 | H21: 11 | I21: 9 | J21: 22 | K21: 25 | L21: 8 | M21: 9 | N21: 18 | O21: 12 | P21: 6 | Q21: =SUM(C21:P21) -> 189 | R21: =Q21/$Q$16 -> 0.053149606
B22: Mulher | C22: 25 | D22: 36 | E22: 25 | F22: 27 | G22: 18 | H22: 18 | I22: 21 | J22: 26 | K22: 34 | L22: 45 | M22: 30 | N22: 70 | O22: 36 | P22: 36 | Q22: =SUM(C22:P22) -> 447 | R22: =Q22/$Q$16 -> 0.12570304
B23: Homem | C23: =C16-C22 -> 193 | D23: =D16-D22 -> 361 | E23: =E16-E22 -> 212 | F23: =F16-F22 -> 148 | G23: =G16-G22 -> 256 | H23: =H16-H22 -> 116 | I23: =I16-I22 -> 212 | J23: =J16-J22 -> 196 | ... P23: =P16-P22 -> 200 | Q23: =SUM(C23:P23) -> 3109 | R23: =Q23/$Q$16 -> 0.87429696
B24: Triciclo | C24: 0 | D24: 0 | E24: 0 | F24: 0 | G24: 1 | H24: 0 | I24: 1 | J24: 0 | K24: 0 | L24: 1 | M24: 0 | N24: 0 | O24: 0 | P24: 0 | Q24: =SUM(C24:P24) -> 3 | R24: =Q24/$Q$16 -> 0.00084364454
B25: Eletrica | C25: 0 | D25: 0 | E25: 0 | F25: 0 | G25: 0 | H25: 0 | I25: 1 | J25: 0 | K25: 0 | L25: 0 | M25: 0 | N25: 0 | O25: 0 | P25: 0 | Q25: =SUM(C25:P25) -> 1 | R25: =Q25/$Q$16 -> 0.00028121485
B26: Skate | C26: 0 | D26: 0 | E26: 0 | F26: 0 | G26: 0 | H26: 0 | I26: 0 | J26: 0 | K26: 0 | L26: 0 | M26: 0 | N26: 0 | O26: 0 | P26: 0 | Q26: =SUM(C26:P26) -> 0 | R26: =Q26/$Q$16 -> 0
B27: Handbike | C27: 0 | D27: 0 | E27: 0 | F27: 0 | G27: 0 | H27: 0 | I27: 0 | J27: 0 | K27: 0 | L27: 0 | M27: 0 | N27: 0 | O27: 0 | P27: 0 | Q27: =SUM(C27:P27) -> 0 | R27: =Q27/$Q$16 -> 0
B28: Crianças | C28: 2 | D28: 26 | E28: 0 | F28: 0 | G28: 0 | H28: 0 | I28: 3 | J28: 2 | K28: 0 | L28: 0 | M28: 0 | N28: 0 | O28: 0 | P28: 0 | Q28: =SUM(C28:P28) -> 33 | R28: =Q28/$Q$16 -> 0.00928009
B29: % capacete/hora | C29: =C17/C16 -> 0.02293578 | D29: =D17/D16 -> 0.0050377834 | E29: =E17/E16 -> 0.0084388186 | F29: =F17/F16 -> 0.011428571 | G29: =G17/G16 -> 0.0072992701 | H29: =H17/H16 -> 0.014925373 | I29: =I17/I16 -> 0.021459227 | J29: =J17/J16 -> 0 | ... P29: =P17/P16 -> 0.033898305

Sheet Fluxo
A1: HORÁRIO | E1: =UPPER(CONFFLUXO!A3) -> ÁGUA FRIA
A2: TOTAL | E2: =SUM(E3:G3) -> 1082
E3: =CONFFLUXO!Q3 -> 87 | F3: =CONFFLUXO!Q4 -> 931 | G3: =CONFFLUXO!Q5 -> 64
A5: =UPPER(CONFFLUXO!A12) -> CASA AMARELA | B5: =SUM(C5:C7) -> 749 | C5: =CONFFLUXO!Q14 -> 169 | I5: =CONFFLUXO!Q6 -> 65 | J5: =SUM(I5:I7) -> 622 | K5: =UPPER(CONFFLUXO!A6) -> CAMPO GRANDE
C6: =CONFFLUXO!Q13 -> 436 | F6: =SUM(E3:G3,I5:I7,E9:G9,C5:C7) -> 3723 | I6: =CONFFLUXO!Q7 -> 389
C7: =CONFFLUXO!Q12 -> 144 | I7: =CONFFLUXO!Q8 -> 168
E9: =CONFFLUXO!Q11 -> 155 | F9: =CONFFLUXO!Q10 -> 1015 | G9: =CONFFLUXO!Q9 -> 100
E10: =SUM(E9:G9) -> 1270
E11: =UPPER(CONFFLUXO!A9) -> ENCRUZILHADA | K11: =MAX(3:3,I:I,9:9,C:C) -> 1015

Sheet Gráficos - antigo
A1: 0 | B1: =Dados!C2 -> 6 | C1: =Dados!D2 -> 7 | D1: =Dados!E2 -> 8 | E1: =Dados!F2 -> 9 | F1: =Dados!G2 -> 10 | G1: =Dados!H2 -> 11 | H1: =Dados!I2 -> 12 | I1: =Dados!J2 -> 13 | ... O1: =Dados!P2 -> 19
A2: Arruda | B2: =Dados!C15 -> 342 | C2: =Dados!D15 -> 317 | D2: =Dados!E15 -> 235 | E2: =Dados!F15 -> 186 | F2: =Dados!G15 -> 207 | G2: =Dados!H15 -> 173 | H2: =Dados!I15 -> 218 | I2: =Dados!J15 -> 223 | ... O2: =Dados!P15 -> 203 | P2: =SUM(B2:O2) -> 3723
A3: Rui Barbosa | B3: ='Rui Barbosa'!C16 -> 143 | C3: ='Rui Barbosa'!D16 -> 222 | D3: ='Rui Barbosa'!E16 -> 124 | E3: ='Rui Barbosa'!F16 -> 91 | F3: ='Rui Barbosa'!G16 -> 77 | G3: ='Rui Barbosa'!H16 -> 90 | H3: ='Rui Barbosa'!I16 -> 55 | I3: ='Rui Barbosa'!J16 -> 57 | ... O3: ='Rui Barbosa'!P16 -> 60 | P3: =SUM(B3:O3) -> 1431
A4: Lama-forte | B4: ='LAMA-FORTE'!C16 -> 218 | C4: ='LAMA-FORTE'!D16 -> 397 | D4: ='LAMA-FORTE'!E16 -> 237 | E4: ='LAMA-FORTE'!F16 -> 175 | F4: ='LAMA-FORTE'!G16 -> 274 | G4: ='LAMA-FORTE'!H16 -> 134 | H4: ='LAMA-FORTE'!I16 -> 233 | I4: ='LAMA-FORTE'!J16 -> 222 | ... O4: ='LAMA-FORTE'!P16 -> 236 | P4: =SUM(B4:O4) -> 3556
A5: TOTAL
B7: Arruda | C7: Rui Barbosa | D7: Lama-forte
A8: =Dados!B22 -> Capacete | B8: =Dados!R22 -> 0.016921837 | C8: ='Rui Barbosa'!R17 -> 0.092941999 | D8: ='LAMA-FORTE'!R17 -> 0.014904387
A9: =Dados!B23 -> Carona | B9: =Dados!R23 -> 0.044587698 | C9: ='Rui Barbosa'!R18 -> 0.021663173 | D9: ='LAMA-FORTE'!R18 -> 0.072272216
A10: =Dados!B26 -> Contramao | B10: =Dados!R26 -> 0.078431373 | C10: ='Rui Barbosa'!R19 -> 0.25366876 | D10: ='LAMA-FORTE'!R19 -> 0.041901012
A11: =Dados!B24 -> Cargueira | B11: =Dados!R24 -> 0.098845017 | C11: ='Rui Barbosa'!R20 -> 0.14675052 | D11: ='LAMA-FORTE'!R20 -> 0.1023622
A12: =Dados!B25 -> Serviço | B12: =Dados!R25 -> 0.030620467 | C12: ='Rui Barbosa'!R21 -> 0.050314465 | D12: ='LAMA-FORTE'!R21 -> 0.053149606
A13: =Dados!B20 -> Mulher | B13: =Dados!R20 -> 0.057749127 | C13: ='Rui Barbosa'!R22 -> 0.053109713 | D13: ='LAMA-FORTE'!R22 -> 0.12570304
A14: =Dados!B33 -> Triciclo | B14: =Dados!R33 -> 0.001343003 | C14: ='Rui Barbosa'!R24 -> 0 | D14: ='LAMA-FORTE'!R24 -> 0.00084364454
A15: =Dados!B34 -> Eletrica | B15: =Dados!R34 -> 0 | C15: ='Rui Barbosa'!R25 -> 0 | D15: ='LAMA-FORTE'!R25 -> 0.00028121485
A16: =Dados!B36 -> Handbike | B16: =Dados!R36 -> 0 | C16: ='Rui Barbosa'!R27 -> 0.001397624 | D16: ='LAMA-FORTE'!R27 -> 0
A17: =Dados!B21 -> Crianças e adolescentes | B17: =Dados!R21 -> 0.0032232071 | C17: ='Rui Barbosa'!R28 -> 0 | D17: ='LAMA-FORTE'!R28 -> 0.00928009
