Workbook

Sheet Resumo
A1: Cruzamento | B1: R. Arquiteto Luiz Nunes X R. Eng. Alves de Souza
A2: Data | B2: 41738
A3: Coordenadas Geográficas | B3: -8.09803, -34.91224
A4: Relatório
A5: Total | B5: =Dados!Q15 -> 2282
A6: Máximo em um hora | B6: =MAX(Dados!C15:P15) -> 282
A7: Mulher | B7: =Dados!R20 -> 0.078878177
A8: Crianças e adolescentes | B8: =Dados!R21 -> 0
A9: Capacete | B9: =Dados!R22 -> 0.034180543
A10: Caronas | B10: =Dados!R23 -> 0.057843996
A11: Cargueiras | B11: =Dados!R24 -> 0.2063979
A12: Serviço | B12: =Dados!R25 -> 0.038562664
A13: Contramão | B13: =Dados!R26 -> 0.08150745
A14: Calçada | B14: =Dados!R27 -> 0

Sheet Dados
A1: Dados quantitativos e sentido de deslocamento
A2: ORIGEM | B2: DESTINO | C2: 6 | D2: 7 | E2: 8 | F2: 9 | G2: 10 | H2: 11 | I2: 12 | J2: 13 | K2: 14 | L2: 15 | M2: 16 | N2: 17 | O2: 18 | P2: 19 | Q2: TOTAL | R2: %
A3: Centro | B3: Lagoa do Araçá | C3: 10 | D3: 15 | E3: 7 | F3: 10 | G3: 9 | H3: 5 | I3: 13 | J3: 8 | K3: 4 | L3: 10 | M3: 12 | N3: 13 | O3: 6 | P3: 7 | Q3: =SUM(C3:P3) -> 129 | R3: =Q3/$Q$15 -> 0.05652936
A4: Centro | B4: Jaboatão | C4: 63 | D4: 94 | E4: 30 | F4: 23 | G4: 21 | H4: 25 | I4: 31 | J4: 23 | K4: 25 | L4: 22 | M4: 36 | N4: 85 | O4: 54 | P4: 37 | Q4: =SUM(C4:P4) -> 569 | R4: =Q4/$Q$15 -> 0.24934268
A5: Centro | B5: Boa Viagem | C5: 10 | D5: 6 | E5: 2 | F5: 4 | G5: 7 | H5: 7 | I5: 4 | J5: 6 | K5: 3 | L5: 5 | M5: 7 | N5: 6 | O5: 12 | P5: 8 | Q5: =SUM(C5:P5) -> 87 | R5: =Q5/$Q$15 -> 0.038124452
A6: Boa Viagem | B6: Centro | C6: 2 | D6: 4 | E6: 4 | F6: 6 | G6: 8 | H6: 8 | I6: 5 | J6: 6 | K6: 5 | L6: 3 | M6: 2 | N6: 7 | O6: 1 | P6: 3 | Q6: =SUM(C6:P6) -> 64 | R6: =Q6/$Q$15 -> 0.028045574
A7: Boa Viagem | B7: Lagoa do Araçá | C7: 7 | D7: 15 | E7: 14 | F7: 6 | G7: 7 | H7: 15 | I7: 18 | J7: 5 | K7: 17 | L7: 8 | M7: 6 | N7: 10 | O7: 13 | P7: 11 | Q7: =SUM(C7:P7) -> 152 | R7: =Q7/$Q$15 -> 0.066608238
A8: Boa Viagem | B8: Jaboatão | C8: 7 | D8: 7 | E8: 7 | F8: 9 | G8: 4 | H8: 6 | I8: 11 | J8: 6 | K8: 7 | L8: 5 | M8: 6 | N8: 18 | O8: 3 | P8: 5 | Q8: =SUM(C8:P8) -> 101 | R8: =Q8/$Q$15 -> 0.044259422
A9: Jaboatão | B9: Boa Viagem | C9: 6 | D9: 8 | E9: 8 | F9: 8 | G9: 11 | H9: 5 | I9: 8 | J9: 14 | K9: 5 | L9: 9 | M9: 7 | N9: 7 | O9: 2 | P9: 3 | Q9: =SUM(C9:P9) -> 101 | R9: =Q9/$Q$15 -> 0.044259422
A10: Jaboatão | B10: Centro | C10: 67 | D10: 73 | E10: 33 | F10: 24 | G10: 27 | H10: 20 | I10: 21 | J10: 26 | K10: 16 | L10: 32 | M10: 28 | N10: 53 | O10: 40 | P10: 29 | Q10: =SUM(C10:P10) -> 489 | R10: =Q10/$Q$15 -> 0.21428571
A11: Jaboatão | B11: Lagoa do Araçá | C11: 28 | D11: 13 | E11: 12 | F11: 13 | G11: 7 | H11: 7 | I11: 8 | J11: 12 | K11: 11 | L11: 11 | M11: 7 | N11: 15 | O11: 20 | P11: 18 | Q11: =SUM(C11:P11) -> 182 | R11: =Q11/$Q$15 -> 0.079754601
A12: Lagoa do Araçá | B12: Jaboatão | C12: 12 | D12: 10 | E12: 3 | F12: 11 | G12: 4 | H12: 3 | I12: 10 | J12: 5 | K12: 5 | L12: 14 | M12: 10 | N12: 28 | O12: 8 | P12: 18 | Q12: =SUM(C12:P12) -> 141 | R12: =Q12/$Q$15 -> 0.061787905
A13: Lagoa do Araçá | B13: Boa Viagem | C13: 8 | D13: 20 | E13: 18 | F13: 6 | G13: 10 | H13: 16 | I13: 16 | J13: 7 | K13: 9 | L13: 9 | M13: 24 | N13: 15 | O13: 2 | P13: 5 | Q13: =SUM(C13:P13) -> 165 | R13: =Q13/$Q$15 -> 0.072304996
A14: Lagoa do Araçá | B14: Centro | C14: 11 | D14: 17 | E14: 5 | F14: 10 | G14: 3 | H14: 3 | I14: 5 | J14: 7 | K14: 7 | L14: 9 | M14: 8 | N14: 9 | O14: 5 | P14: 3 | Q14: =SUM(C14:P14) -> 102 | R14: =Q14/$Q$15 -> 0.044697634
B15: TOTAL | C15: =SUM(C$3:C$14) -> 231 | D15: =SUM(D$3:D$14) -> 282 | E15: =SUM(E$3:E$14) -> 143 | F15: =SUM(F$3:F$14) -> 130 | G15: =SUM(G$3:G$14) -> 118 | H15: =SUM(H$3:H$14) -> 120 | I15: =SUM(I$3:I$14) -> 150 | J15: =SUM(J$3:J$14) -> 125 | ... Q15: =SUM(Q$3:Q$14) -> 2282
B16: Percentual | C16: =C15/$Q$15 -> 0.10122699 | D16: =D15/$Q$15 -> 0.12357581 | E16: =E15/$Q$15 -> 0.06266433 | F16: =F15/$Q$15 -> 0.056967572 | G16: =G15/$Q$15 -> 0.051709027 | H16: =H15/$Q$15 -> 0.052585451 | I16: =I15/$Q$15 -> 0.065731814 | J16: =J15/$Q$15 -> 0.054776512 | ... P16: =P15/$Q$15 -> 0.064417178 | Q16: =SUM(C16:P16) -> 1
A18: Dados qualitativos padrões
B19: Característica | C19: 6 | D19: 7 | E19: 8 | F19: 9 | G19: 10 | H19: 11 | I19: 12 | J19: 13 | K19: 14 | L19: 15 | M19: 16 | N19: 17 | O19: 18 | P19: 19 | Q19: TOTAL | R19: %
B20: Mulher | C20: 14 | D20: 28 | E20: 4 | F20: 6 | G20: 10 | H20: 21 | I20: 7 | J20: 11 | K20: 5 | L20: 10 | M20: 14 | N20: 24 | O20: 26 | Q20: =SUM(C20:P20) -> 180 | R20: =Q20/$Q$15 -> 0.078878177
B21: Crianças e adolescentes | Q21: =SUM(C21:P21) -> 0 | R21: =Q21/$Q$15 -> 0
B22: Capacete | C22: 17 | D22: 14 | E22: 2 | F22: 1 | G22: 0 | H22: 0 | I22: 3 | J22: 1 | K22: 0 | L22: 2 | M22: 5 | N22: 16 | O22: 17 | Q22: =SUM(C22:P22) -> 78 | R22: =Q22/$Q$15 -> 0.034180543
B23: Carona criança | C23: 6 | D23: 16 | E23: 7 | F23: 5 | G23: 4 | H23: 14 | I23: 9 | J23: 4 | K23: 7 | L23: 11 | M23: 8 | N23: 18 | O23: 23 | Q23: =SUM(C23:P23) -> 132 | R23: =Q23/$Q$15 -> 0.057843996
B24: Cargueira | C24: 30 | D24: 37 | E24: 49 | F24: 50 | G24: 34 | H24: 29 | I24: 31 | J24: 23 | K24: 35 | L24: 38 | M24: 25 | N24: 47 | O24: 43 | Q24: =SUM(C24:P24) -> 471 | R24: =Q24/$Q$15 -> 0.2063979
B25: Serviço | C25: 12 | D25: 10 | E25: 30 | F25: 24 | G25: 12 | H25: 0 | I25: 0 | J25: 0 | K25: 0 | L25: 0 | M25: 0 | N25: 0 | O25: 0 | P25: 0 | Q25: =SUM(C25:P25) -> 88 | R25: =Q25/$Q$15 -> 0.038562664
B26: Contramao | C26: 7 | D26: 19 | E26: 5 | F26: 11 | G26: 19 | H26: 8 | I26: 9 | J26: 5 | K26: 12 | L26: 25 | M26: 22 | N26: 26 | O26: 18 | Q26: =SUM(C26:P26) -> 186 | R26: =Q26/$Q$15 -> 0.08150745
B27: Calçada | Q27: =SUM(C27:P27) -> 0 | R27: =Q27/$Q$15 -> 0
A29: Dados qualitativos das observações
B30: Característica | C30: 6 | D30: 7 | E30: 8 | F30: 9 | G30: 10 | H30: 11 | I30: 12 | J30: 13 | K30: 14 | L30: 15 | M30: 16 | N30: 17 | O30: 18 | P30: 19 | Q30: TOTAL | R30: %
B31: Chuveu | Q31: =SUM(C31:P31) -> 0 | R31: =Q31/$Q$15 -> 0
B32: Contramão para conversão | C32: 40 | D32: 45 | E32: 15 | F32: 22 | G32: 9 | H32: 23 | I32: 22 | J32: 22 | K32: 21 | L32: 41 | M32: 39 | N32: 44 | O32: 29 | Q32: =SUM(C32:P32) -> 372 | R32: =Q32/$Q$15 -> 0.1630149
B33: Triciclo | Q33: =SUM(C33:P33) -> 0 | R33: =Q33/$Q$15 -> 0
B34: Eletrica | Q34: =SUM(C34:P34) -> 0 | R34: =Q34/$Q$15 -> 0
B35: Skate | Q35: =SUM(C35:P35) -> 0 | R35: =Q35/$Q$15 -> 0
B36: Handbike | Q36: =SUM(C36:P36) -> 0 | R36: =Q36/$Q$15 -> 0

Sheet CONFFLUXO
A1: =Fluxo!A2 -> TOTAL | F1: 2 | G1: {=TRANSPOSE(Dados!2:2)} -> ORIGEM
F2: 3 | G2: DESTINO
A3: =Dados!A3 -> Centro | B3: =Dados!B3 -> Lagoa do Araçá | F3: 4 | G3: 6 | Q3: =HLOOKUP($A$1,Dados!$C$2:$R$14,F1,0) -> 129
A4: =Dados!A4 -> Centro | B4: =Dados!B4 -> Jaboatão | F4: 5 | G4: 7 | Q4: =HLOOKUP($A$1,Dados!$C$2:$R$14,F2,0) -> 569
A5: =Dados!A5 -> Centro | B5: =Dados!B5 -> Boa Viagem | F5: 6 | G5: 8 | Q5: =HLOOKUP($A$1,Dados!$C$2:$R$14,F3,0) -> 87
A6: =Dados!A6 -> Boa Viagem | B6: =Dados!B6 -> Centro | F6: 7 | G6: 9 | Q6: =HLOOKUP($A$1,Dados!$C$2:$R$14,F4,0) -> 64
A7: =Dados!A7 -> Boa Viagem | B7: =Dados!B7 -> Lagoa do Araçá | F7: 8 | G7: 10 | Q7: =HLOOKUP($A$1,Dados!$C$2:$R$14,F5,0) -> 152
A8: =Dados!A8 -> Boa Viagem | B8: =Dados!B8 -> Jaboatão | F8: 9 | G8: 11 | Q8: =HLOOKUP($A$1,Dados!$C$2:$R$14,F6,0) -> 101
A9: =Dados!A9 -> Jaboatão | B9: =Dados!B9 -> Boa Viagem | F9: 10 | G9: 12 | Q9: =HLOOKUP($A$1,Dados!$C$2:$R$14,F7,0) -> 101
A10: =Dados!A10 -> Jaboatão | B10: =Dados!B10 -> Centro | F10: 11 | G10: 13 | Q10: =HLOOKUP($A$1,Dados!$C$2:$R$14,F8,0) -> 489
A11: =Dados!A11 -> Jaboatão | B11: =Dados!B11 -> Lagoa do Araçá | F11: 12 | G11: 14 | Q11: =HLOOKUP($A$1,Dados!$C$2:$R$14,F9,0) -> 182
A12: =Dados!A12 -> Lagoa do Araçá | B12: =Dados!B12 -> Jaboatão | F12: 13 | G12: 15 | Q12: =HLOOKUP($A$1,Dados!$C$2:$R$14,F10,0) -> 141
A13: =Dados!A13 -> Lagoa do Araçá | B13: =Dados!B13 -> Boa Viagem | G13: 16 | Q13: =HLOOKUP($A$1,Dados!$C$2:$R$14,F11,0) -> 165
A14: =Dados!A14 -> Lagoa do Araçá | B14: =Dados!B14 -> Centro | G14: 17 | Q14: =HLOOKUP($A$1,Dados!$C$2:$R$14,F12,0) -> 102
G15: 18
G16: 19
G17: TOTAL
G18: %

Sheet Gráficos
A1: Ciclistas por hora
A2: Horário início | B2: =Dados!C2 -> 6 | C2: =Dados!D2 -> 7 | D2: =Dados!E2 -> 8 | E2: =Dados!F2 -> 9 | F2: =Dados!G2 -> 10 | G2: =Dados!H2 -> 11 | H2: =Dados!I2 -> 12 | I2: =Dados!J2 -> 13 | ... O2: =Dados!P2 -> 19
A3: Homens | B3: =Dados!C15-B4-B5 -> 217 | C3: =Dados!D15-C4-C5 -> 254 | D3: =Dados!E15-D4-D5 -> 139 | E3: =Dados!F15-E4-E5 -> 124 | F3: =Dados!G15-F4-F5 -> 108 | G3: =Dados!H15-G4-G5 -> 99 | H3: =Dados!I15-H4-H5 -> 143 | I3: =Dados!J15-I4-I5 -> 114 | ... O3: =Dados!P15-O4-O5 -> 147
A4: Mulheres | B4: =Dados!C20 -> 14 | C4: =Dados!D20 -> 28 | D4: =Dados!E20 -> 4 | E4: =Dados!F20 -> 6 | F4: =Dados!G20 -> 10 | G4: =Dados!H20 -> 21 | H4: =Dados!I20 -> 7 | I4: =Dados!J20 -> 11 | ... O4: =Dados!P20
A5: Crianças e adolescentes | B5: =Dados!C21 | C5: =Dados!D21 | D5: =Dados!E21 | E5: =Dados!F21 | F5: =Dados!G21 | G5: =Dados!H21 | H5: =Dados!I21 | I5: =Dados!J21 | ... O5: =Dados!P21
A7: Ciclistas por hora %
A8: Horário | B8: 6 | C8: 7 | D8: 8 | E8: 9 | F8: 10 | G8: 11 | H8: 12 | I8: 13 | J8: 14 | K8: 15 | L8: 16 | M8: 17 | N8: 18 | O8: 19
A9: Mulheres | B9: =B4/Dados!C$15 -> 0.060606061 | C9: =C4/Dados!D$15 -> 0.09929078 | D9: =D4/Dados!E$15 -> 0.027972028 | E9: =E4/Dados!F$15 -> 0.046153846 | F9: =F4/Dados!G$15 -> 0.084745763 | G9: =G4/Dados!H$15 -> 0.175 | H9: =H4/Dados!I$15 -> 0.046666667 | I9: =I4/Dados!J$15 -> 0.088 | ... O9: =O4/Dados!P$15 -> 0
A10: Crianças e adolescentes | B10: =B5/Dados!C$15 -> 0 | C10: =C5/Dados!D$15 -> 0 | D10: =D5/Dados!E$15 -> 0 | E10: =E5/Dados!F$15 -> 0 | F10: =F5/Dados!G$15 -> 0 | G10: =G5/Dados!H$15 -> 0 | H10: =H5/Dados!I$15 -> 0 | I10: =I5/Dados!J$15 -> 0 | ... O10: =O5/Dados!P$15 -> 0
A12: =Dados!B19 -> Característica | B12: =Dados!R19 -> %
A13: =Dados!B20 -> Mulher | B13: =Dados!R20 -> 0.078878177
A14: =Dados!B21 -> Crianças e adolescentes | B14: =Dados!R21 -> 0
A15: =Dados!B22 -> Capacete | B15: =Dados!R22 -> 0.034180543
A16: Caronas | B16: =SUM(Dados!R23) -> 0.057843996
A17: =Dados!B24 -> Cargueira | B17: =Dados!R24 -> 0.2063979
A18: =Dados!B25 -> Serviço | B18: =Dados!R25 -> 0.038562664
A19: =Dados!B26 -> Contramao | B19: =Dados!R26 -> 0.08150745
A20: =Dados!B27 -> Calçada | B20: =Dados!R27 -> 0

Sheet Fluxo
A1: HORÁRIO | E1: =UPPER(CONFFLUXO!A3) -> CENTRO
A2: TOTAL | E2: =SUM(E3:G3) -> 785
E3: =CONFFLUXO!Q3 -> 129 | F3: =CONFFLUXO!Q4 -> 569 | G3: =CONFFLUXO!Q5 -> 87
A5: =UPPER(CONFFLUXO!A12) -> LAGOA DO ARAÇÁ | B5: =SUM(C5:C7) -> 408 | C5: =CONFFLUXO!Q14 -> 102 | I5: =CONFFLUXO!Q6 -> 64 | J5: =SUM(I5:I7) -> 317 | K5: =UPPER(CONFFLUXO!A6) -> BOA VIAGEM
C6: =CONFFLUXO!Q13 -> 165 | F6: =SUM(E3:G3,I5:I7,E9:G9,C5:C7) -> 2282 | I6: =CONFFLUXO!Q7 -> 152
C7: =CONFFLUXO!Q12 -> 141 | I7: =CONFFLUXO!Q8 -> 101
E9: =CONFFLUXO!Q11 -> 182 | F9: =CONFFLUXO!Q10 -> 489 | G9: =CONFFLUXO!Q9 -> 101
E10: =SUM(E9:G9) -> 772
E11: =UPPER(CONFFLUXO!A9) -> JABOATÃO | K11: =MAX(3:3,I:I,9:9,C:C) -> 569
